dataset,noise,trial,algorithm,mu,accuracy,frobenius,gt_frobenius,time_sec
netscience,0,0,Fugal,,0.667546,16.0,0.0,23.32
netscience,0,0,Fugal_init,0.05,0.683377,0.0,0.0,18.46
netscience,0,0,Fugal_init,0.1,0.683377,0.0,0.0,19.82
netscience,0,0,Fugal_init,0.25,0.683377,0.0,0.0,17.85
netscience,0,0,Fugal_init,0.5,0.683377,0.0,0.0,17.77
netscience,0,0,Fugal_init,1,0.683377,0.0,0.0,17.82
netscience,0,0,Fugal_init,1.5,0.683377,0.0,0.0,17.77
netscience,0,0,Fugal_init,2,0.683377,0.0,0.0,17.8
netscience,0,0,Fugal_init,2.5,0.683377,0.0,0.0,17.72
netscience,0,0,Fugal_init,3,0.683377,0.0,0.0,19.96
netscience,0,0,QAP,,0.263852,820.0,0.0,0.32
netscience,0,0,QAP_init,,0.693931,0.0,0.0,0.05
netscience,0,1,Fugal,,0.69657,24.0,0.0,18.05
netscience,0,1,Fugal_init,0.05,0.709763,0.0,0.0,17.75
netscience,0,1,Fugal_init,0.1,0.709763,0.0,0.0,17.91
netscience,0,1,Fugal_init,0.25,0.709763,0.0,0.0,17.9
netscience,0,1,Fugal_init,0.5,0.709763,0.0,0.0,18.17
netscience,0,1,Fugal_init,1,0.709763,0.0,0.0,17.93
netscience,0,1,Fugal_init,1.5,0.709763,0.0,0.0,19.03
netscience,0,1,Fugal_init,2,0.709763,0.0,0.0,18.08
netscience,0,1,Fugal_init,2.5,0.709763,0.0,0.0,18.03
netscience,0,1,Fugal_init,3,0.709763,0.0,0.0,17.95
netscience,0,1,QAP,,0.356201,836.0,0.0,0.42
netscience,0,1,QAP_init,,0.707124,0.0,0.0,0.07
netscience,0,2,Fugal,,0.691293,32.0,0.0,17.88
netscience,0,2,Fugal_init,0.05,0.712401,0.0,0.0,17.9
netscience,0,2,Fugal_init,0.1,0.712401,0.0,0.0,17.73
netscience,0,2,Fugal_init,0.25,0.712401,0.0,0.0,19.05
netscience,0,2,Fugal_init,0.5,0.712401,0.0,0.0,17.78
netscience,0,2,Fugal_init,1,0.712401,0.0,0.0,18.44
netscience,0,2,Fugal_init,1.5,0.712401,0.0,0.0,18.0
netscience,0,2,Fugal_init,2,0.712401,0.0,0.0,17.95
netscience,0,2,Fugal_init,2.5,0.712401,0.0,0.0,17.83
netscience,0,2,Fugal_init,3,0.712401,0.0,0.0,17.78
netscience,0,2,QAP,,0.329815,772.0,0.0,0.34
netscience,0,2,QAP_init,,0.720317,0.0,0.0,0.05
netscience,5,0,Fugal,,0.651715,98.0,82.0,17.91
netscience,5,0,Fugal_init,0.05,0.656992,138.0,82.0,17.69
netscience,5,0,Fugal_init,0.1,0.6781,82.0,82.0,17.88
netscience,5,0,Fugal_init,0.25,0.683377,82.0,82.0,17.87
netscience,5,0,Fugal_init,0.5,0.6781,82.0,82.0,17.75
netscience,5,0,Fugal_init,1,0.670185,98.0,82.0,17.79
netscience,5,0,Fugal_init,1.5,0.670185,106.0,82.0,17.77
netscience,5,0,Fugal_init,2,0.656992,134.0,82.0,17.74
netscience,5,0,Fugal_init,2.5,0.656992,138.0,82.0,17.7
netscience,5,0,Fugal_init,3,0.656992,138.0,82.0,17.81
netscience,5,0,QAP,,0.176781,1066.0,82.0,1.84
netscience,5,0,QAP_init,,0.686016,90.0,82.0,0.07
netscience,5,1,Fugal,,0.670185,150.0,94.0,18.08
netscience,5,1,Fugal_init,0.05,0.638522,138.0,94.0,17.96
netscience,5,1,Fugal_init,0.1,0.654354,94.0,94.0,17.82
netscience,5,1,Fugal_init,0.25,0.667546,94.0,94.0,17.95
netscience,5,1,Fugal_init,0.5,0.659631,106.0,94.0,17.82
netscience,5,1,Fugal_init,1,0.656992,126.0,94.0,17.69
netscience,5,1,Fugal_init,1.5,0.646438,150.0,94.0,17.95
netscience,5,1,Fugal_init,2,0.643799,154.0,94.0,18.03
netscience,5,1,Fugal_init,2.5,0.633245,166.0,94.0,17.77
netscience,5,1,Fugal_init,3,0.635884,166.0,94.0,17.87
netscience,5,1,QAP,,0.131926,1270.0,94.0,0.36
netscience,5,1,QAP_init,,0.659631,98.0,94.0,0.06
netscience,5,2,Fugal,,0.675462,148.0,84.0,17.85
netscience,5,2,Fugal_init,0.05,0.670185,160.0,84.0,17.78
netscience,5,2,Fugal_init,0.1,0.701847,88.0,84.0,17.75
netscience,5,2,Fugal_init,0.25,0.709763,84.0,84.0,17.82
netscience,5,2,Fugal_init,0.5,0.709763,92.0,84.0,17.98
netscience,5,2,Fugal_init,1,0.704485,108.0,84.0,18.08
netscience,5,2,Fugal_init,1.5,0.704485,108.0,84.0,18.0
netscience,5,2,Fugal_init,2,0.704485,116.0,84.0,17.94
netscience,5,2,Fugal_init,2.5,0.704485,116.0,84.0,18.2
netscience,5,2,Fugal_init,3,0.704485,116.0,84.0,17.96
netscience,5,2,QAP,,0.044855,1416.0,84.0,0.31
netscience,5,2,QAP_init,,0.728232,88.0,84.0,0.05
netscience,10,0,Fugal,,0.604222,252.0,188.0,17.8
netscience,10,0,Fugal_init,0.05,0.672823,256.0,188.0,17.78
netscience,10,0,Fugal_init,0.1,0.649077,240.0,188.0,17.96
netscience,10,0,Fugal_init,0.25,0.675462,204.0,188.0,18.01
netscience,10,0,Fugal_init,0.5,0.680739,204.0,188.0,18.06
netscience,10,0,Fugal_init,1,0.680739,224.0,188.0,18.1
netscience,10,0,Fugal_init,1.5,0.675462,244.0,188.0,17.76
netscience,10,0,Fugal_init,2,0.6781,252.0,188.0,17.92
netscience,10,0,Fugal_init,2.5,0.667546,268.0,188.0,17.9
netscience,10,0,Fugal_init,3,0.659631,304.0,188.0,18.04
netscience,10,0,QAP,,0.058047,1456.0,188.0,0.65
netscience,10,0,QAP_init,,0.69657,212.0,188.0,0.09
netscience,10,1,Fugal,,0.683377,254.0,174.0,18.18
netscience,10,1,Fugal_init,0.05,0.649077,282.0,174.0,18.01
netscience,10,1,Fugal_init,0.1,0.641161,230.0,174.0,17.47
netscience,10,1,Fugal_init,0.25,0.638522,230.0,174.0,18.12
netscience,10,1,Fugal_init,0.5,0.670185,194.0,174.0,17.84
netscience,10,1,Fugal_init,1,0.670185,202.0,174.0,18.03
netscience,10,1,Fugal_init,1.5,0.659631,234.0,174.0,17.97
netscience,10,1,Fugal_init,2,0.659631,234.0,174.0,17.96
netscience,10,1,Fugal_init,2.5,0.659631,234.0,174.0,17.92
netscience,10,1,Fugal_init,3,0.646438,246.0,174.0,18.15
netscience,10,1,QAP,,0.100264,1150.0,174.0,0.39
netscience,10,1,QAP_init,,0.656992,198.0,174.0,0.09
netscience,10,2,Fugal,,0.635884,262.0,186.0,17.98
netscience,10,2,Fugal_init,0.05,0.514512,618.0,186.0,18.15
netscience,10,2,Fugal_init,0.1,0.583113,330.0,186.0,18.05
netscience,10,2,Fugal_init,0.25,0.664908,202.0,186.0,18.06
netscience,10,2,Fugal_init,0.5,0.654354,214.0,186.0,18.07
netscience,10,2,Fugal_init,1,0.635884,242.0,186.0,18.11
netscience,10,2,Fugal_init,1.5,0.633245,250.0,186.0,17.78
netscience,10,2,Fugal_init,2,0.630607,274.0,186.0,18.0
netscience,10,2,Fugal_init,2.5,0.620053,298.0,186.0,17.81
netscience,10,2,Fugal_init,3,0.620053,298.0,186.0,18.15
netscience,10,2,QAP,,0.094987,1234.0,186.0,2.06
netscience,10,2,QAP_init,,0.654354,194.0,186.0,0.06
netscience,15,0,Fugal,,0.622691,344.0,276.0,17.81
netscience,15,0,Fugal_init,0.05,0.564644,600.0,276.0,17.46
netscience,15,0,Fugal_init,0.1,0.617414,296.0,276.0,17.87
netscience,15,0,Fugal_init,0.25,0.609499,312.0,276.0,18.16
netscience,15,0,Fugal_init,0.5,0.620053,304.0,276.0,18.06
netscience,15,0,Fugal_init,1,0.609499,328.0,276.0,17.96
netscience,15,0,Fugal_init,1.5,0.593668,364.0,276.0,18.23
netscience,15,0,Fugal_init,2,0.575198,384.0,276.0,17.97
netscience,15,0,Fugal_init,2.5,0.583113,400.0,276.0,18.08
netscience,15,0,Fugal_init,3,0.577836,432.0,276.0,17.83
netscience,15,0,QAP,,0.092348,1252.0,276.0,4.12
netscience,15,0,QAP_init,,0.577836,408.0,276.0,0.12
netscience,15,1,Fugal,,0.641161,364.0,268.0,17.79
netscience,15,1,Fugal_init,0.05,0.567282,584.0,268.0,17.59
netscience,15,1,Fugal_init,0.1,0.612137,368.0,268.0,17.81
netscience,15,1,Fugal_init,0.25,0.614776,364.0,268.0,18.0
netscience,15,1,Fugal_init,0.5,0.620053,368.0,268.0,17.87
netscience,15,1,Fugal_init,1,0.641161,344.0,268.0,18.01
netscience,15,1,Fugal_init,1.5,0.614776,368.0,268.0,17.72
netscience,15,1,Fugal_init,2,0.612137,368.0,268.0,18.06
netscience,15,1,Fugal_init,2.5,0.604222,388.0,268.0,17.94
netscience,15,1,Fugal_init,3,0.585752,440.0,268.0,17.99
netscience,15,1,QAP,,0.094987,1212.0,268.0,2.33
netscience,15,1,QAP_init,,0.688654,280.0,268.0,0.09
netscience,15,2,Fugal,,0.572559,378.0,278.0,17.74
netscience,15,2,Fugal_init,0.05,0.295515,1242.0,278.0,17.47
netscience,15,2,Fugal_init,0.1,0.419525,674.0,278.0,17.87
netscience,15,2,Fugal_init,0.25,0.646438,310.0,278.0,17.6
netscience,15,2,Fugal_init,0.5,0.638522,326.0,278.0,17.91
netscience,15,2,Fugal_init,1,0.643799,338.0,278.0,17.92
netscience,15,2,Fugal_init,1.5,0.635884,362.0,278.0,18.0
netscience,15,2,Fugal_init,2,0.620053,378.0,278.0,18.01
netscience,15,2,Fugal_init,2.5,0.612137,394.0,278.0,17.83
netscience,15,2,Fugal_init,3,0.604222,410.0,278.0,18.04
netscience,15,2,QAP,,0.079156,1306.0,278.0,2.33
netscience,15,2,QAP_init,,0.659631,298.0,278.0,0.1
netscience,20,0,Fugal,,0.538259,500.0,352.0,17.72
netscience,20,0,Fugal_init,0.05,0.295515,1620.0,352.0,16.93
netscience,20,0,Fugal_init,0.1,0.511873,628.0,352.0,17.26
netscience,20,0,Fugal_init,0.25,0.546174,492.0,352.0,17.66
netscience,20,0,Fugal_init,0.5,0.559367,468.0,352.0,17.86
netscience,20,0,Fugal_init,1,0.527704,480.0,352.0,17.86
netscience,20,0,Fugal_init,1.5,0.564644,464.0,352.0,17.99
netscience,20,0,Fugal_init,2,0.564644,484.0,352.0,17.89
netscience,20,0,Fugal_init,2.5,0.556728,480.0,352.0,17.81
netscience,20,0,Fugal_init,3,0.543536,516.0,352.0,17.88
netscience,20,0,QAP,,0.047493,1400.0,352.0,0.34
netscience,20,0,QAP_init,,0.530343,616.0,352.0,0.18
netscience,20,1,Fugal,,0.538259,570.0,354.0,17.76
netscience,20,1,Fugal_init,0.05,0.443272,1066.0,354.0,17.16
netscience,20,1,Fugal_init,0.1,0.569921,602.0,354.0,17.64
netscience,20,1,Fugal_init,0.25,0.588391,526.0,354.0,17.82
netscience,20,1,Fugal_init,0.5,0.585752,498.0,354.0,17.9
netscience,20,1,Fugal_init,1,0.546174,534.0,354.0,18.06
netscience,20,1,Fugal_init,1.5,0.538259,546.0,354.0,17.9
netscience,20,1,Fugal_init,2,0.525066,582.0,354.0,17.69
netscience,20,1,Fugal_init,2.5,0.525066,606.0,354.0,17.92
netscience,20,1,Fugal_init,3,0.509235,614.0,354.0,17.91
netscience,20,1,QAP,,0.058047,1274.0,354.0,3.66
netscience,20,1,QAP_init,,0.577836,530.0,354.0,0.19
netscience,20,2,Fugal,,0.562005,492.0,360.0,17.77
netscience,20,2,Fugal_init,0.05,0.266491,1544.0,360.0,17.21
netscience,20,2,Fugal_init,0.1,0.298153,1112.0,360.0,17.5
netscience,20,2,Fugal_init,0.25,0.480211,540.0,360.0,17.84
netscience,20,2,Fugal_init,0.5,0.551451,456.0,360.0,17.76
netscience,20,2,Fugal_init,1,0.562005,456.0,360.0,17.65
netscience,20,2,Fugal_init,1.5,0.562005,472.0,360.0,17.94
netscience,20,2,Fugal_init,2,0.564644,460.0,360.0,17.76
netscience,20,2,Fugal_init,2.5,0.564644,460.0,360.0,17.95
netscience,20,2,Fugal_init,3,0.567282,476.0,360.0,18.01
netscience,20,2,QAP,,0.026385,1380.0,360.0,1.65
netscience,20,2,QAP_init,,0.543536,420.0,360.0,0.16
highschool,0,0,Fugal,,1.0,0.0,0.0,13.86
highschool,0,0,Fugal_init,0.05,1.0,0.0,0.0,16.9
highschool,0,0,Fugal_init,0.1,1.0,0.0,0.0,16.85
highschool,0,0,Fugal_init,0.25,1.0,0.0,0.0,16.89
highschool,0,0,Fugal_init,0.5,1.0,0.0,0.0,13.93
highschool,0,0,Fugal_init,1,1.0,0.0,0.0,10.88
highschool,0,0,Fugal_init,1.5,1.0,0.0,0.0,10.85
highschool,0,0,Fugal_init,2,1.0,0.0,0.0,9.3
highschool,0,0,Fugal_init,2.5,1.0,0.0,0.0,9.28
highschool,0,0,Fugal_init,3,1.0,0.0,0.0,7.63
highschool,0,0,QAP,,1.0,0.0,0.0,1.66
highschool,0,0,QAP_init,,1.0,0.0,0.0,0.8
highschool,0,1,Fugal,,1.0,0.0,0.0,13.74
highschool,0,1,Fugal_init,0.05,1.0,0.0,0.0,16.67
highschool,0,1,Fugal_init,0.1,1.0,0.0,0.0,16.89
highschool,0,1,Fugal_init,0.25,1.0,0.0,0.0,17.0
highschool,0,1,Fugal_init,0.5,1.0,0.0,0.0,13.84
highschool,0,1,Fugal_init,1,1.0,0.0,0.0,10.67
highschool,0,1,Fugal_init,1.5,1.0,0.0,0.0,10.79
highschool,0,1,Fugal_init,2,1.0,0.0,0.0,9.31
highschool,0,1,Fugal_init,2.5,1.0,0.0,0.0,9.3
highschool,0,1,Fugal_init,3,1.0,0.0,0.0,7.7
highschool,0,1,QAP,,1.0,0.0,0.0,0.16
highschool,0,1,QAP_init,,1.0,0.0,0.0,0.08
highschool,0,2,Fugal,,1.0,0.0,0.0,14.2
highschool,0,2,Fugal_init,0.05,1.0,0.0,0.0,16.84
highschool,0,2,Fugal_init,0.1,1.0,0.0,0.0,16.87
highschool,0,2,Fugal_init,0.25,1.0,0.0,0.0,16.7
highschool,0,2,Fugal_init,0.5,1.0,0.0,0.0,13.78
highschool,0,2,Fugal_init,1,1.0,0.0,0.0,10.82
highschool,0,2,Fugal_init,1.5,1.0,0.0,0.0,10.68
highschool,0,2,Fugal_init,2,1.0,0.0,0.0,9.18
highschool,0,2,Fugal_init,2.5,1.0,0.0,0.0,9.26
highschool,0,2,Fugal_init,3,1.0,0.0,0.0,7.7
highschool,0,2,QAP,,1.0,0.0,0.0,0.42
highschool,0,2,QAP_init,,1.0,0.0,0.0,0.08
highschool,5,0,Fugal,,1.0,624.0,624.0,13.62
highschool,5,0,Fugal_init,0.05,1.0,624.0,624.0,16.72
highschool,5,0,Fugal_init,0.1,1.0,624.0,624.0,16.94
highschool,5,0,Fugal_init,0.25,1.0,624.0,624.0,16.84
highschool,5,0,Fugal_init,0.5,1.0,624.0,624.0,13.78
highschool,5,0,Fugal_init,1,1.0,624.0,624.0,13.9
highschool,5,0,Fugal_init,1.5,1.0,624.0,624.0,12.41
highschool,5,0,Fugal_init,2,1.0,624.0,624.0,13.85
highschool,5,0,Fugal_init,2.5,1.0,624.0,624.0,15.26
highschool,5,0,Fugal_init,3,1.0,624.0,624.0,16.89
highschool,5,0,QAP,,0.229358,9100.0,624.0,0.42
highschool,5,0,QAP_init,,1.0,624.0,624.0,0.08
highschool,5,1,Fugal,,1.0,568.0,568.0,13.66
highschool,5,1,Fugal_init,0.05,1.0,568.0,568.0,16.73
highschool,5,1,Fugal_init,0.1,1.0,568.0,568.0,16.54
highschool,5,1,Fugal_init,0.25,1.0,568.0,568.0,16.7
highschool,5,1,Fugal_init,0.5,1.0,568.0,568.0,13.53
highschool,5,1,Fugal_init,1,1.0,568.0,568.0,12.31
highschool,5,1,Fugal_init,1.5,1.0,568.0,568.0,12.16
highschool,5,1,Fugal_init,2,1.0,568.0,568.0,13.61
highschool,5,1,Fugal_init,2.5,1.0,568.0,568.0,13.5
highschool,5,1,Fugal_init,3,1.0,568.0,568.0,13.71
highschool,5,1,QAP,,1.0,568.0,568.0,0.18
highschool,5,1,QAP_init,,1.0,568.0,568.0,0.08
highschool,5,2,Fugal,,1.0,596.0,596.0,16.46
highschool,5,2,Fugal_init,0.05,1.0,596.0,596.0,16.69
highschool,5,2,Fugal_init,0.1,1.0,596.0,596.0,16.73
highschool,5,2,Fugal_init,0.25,1.0,596.0,596.0,16.76
highschool,5,2,Fugal_init,0.5,1.0,596.0,596.0,16.61
highschool,5,2,Fugal_init,1,1.0,596.0,596.0,16.7
highschool,5,2,Fugal_init,1.5,1.0,596.0,596.0,16.53
highschool,5,2,Fugal_init,2,1.0,596.0,596.0,16.8
highschool,5,2,Fugal_init,2.5,1.0,596.0,596.0,16.7
highschool,5,2,Fugal_init,3,1.0,596.0,596.0,15.22
highschool,5,2,QAP,,1.0,596.0,596.0,0.18
highschool,5,2,QAP_init,,1.0,596.0,596.0,0.08
highschool,10,0,Fugal,,1.0,1182.0,1182.0,14.81
highschool,10,0,Fugal_init,0.05,1.0,1182.0,1182.0,16.66
highschool,10,0,Fugal_init,0.1,1.0,1182.0,1182.0,16.52
highschool,10,0,Fugal_init,0.25,1.0,1182.0,1182.0,16.52
highschool,10,0,Fugal_init,0.5,1.0,1182.0,1182.0,15.09
highschool,10,0,Fugal_init,1,1.0,1182.0,1182.0,13.41
highschool,10,0,Fugal_init,1.5,1.0,1182.0,1182.0,14.93
highschool,10,0,Fugal_init,2,1.0,1182.0,1182.0,16.32
highschool,10,0,Fugal_init,2.5,1.0,1182.0,1182.0,16.32
highschool,10,0,Fugal_init,3,1.0,1182.0,1182.0,16.36
highschool,10,0,QAP,,0.308869,8126.0,1182.0,0.35
highschool,10,0,QAP_init,,1.0,1182.0,1182.0,0.08
highschool,10,1,Fugal,,1.0,1176.0,1176.0,16.24
highschool,10,1,Fugal_init,0.05,1.0,1176.0,1176.0,16.58
highschool,10,1,Fugal_init,0.1,1.0,1176.0,1176.0,16.73
highschool,10,1,Fugal_init,0.25,1.0,1176.0,1176.0,16.48
highschool,10,1,Fugal_init,0.5,1.0,1176.0,1176.0,16.44
highschool,10,1,Fugal_init,1,1.0,1176.0,1176.0,16.52
highschool,10,1,Fugal_init,1.5,1.0,1176.0,1176.0,16.48
highschool,10,1,Fugal_init,2,1.0,1176.0,1176.0,16.63
highschool,10,1,Fugal_init,2.5,1.0,1176.0,1176.0,16.48
highschool,10,1,Fugal_init,3,1.0,1176.0,1176.0,16.83
highschool,10,1,QAP,,1.0,1176.0,1176.0,0.22
highschool,10,1,QAP_init,,1.0,1176.0,1176.0,0.09
highschool,10,2,Fugal,,1.0,1156.0,1156.0,16.43
highschool,10,2,Fugal_init,0.05,1.0,1156.0,1156.0,16.52
highschool,10,2,Fugal_init,0.1,1.0,1156.0,1156.0,16.5
highschool,10,2,Fugal_init,0.25,1.0,1156.0,1156.0,16.47
highschool,10,2,Fugal_init,0.5,1.0,1156.0,1156.0,16.52
highschool,10,2,Fugal_init,1,1.0,1156.0,1156.0,15.09
highschool,10,2,Fugal_init,1.5,1.0,1156.0,1156.0,15.05
highschool,10,2,Fugal_init,2,1.0,1156.0,1156.0,14.96
highschool,10,2,Fugal_init,2.5,1.0,1156.0,1156.0,16.42
highschool,10,2,Fugal_init,3,1.0,1156.0,1156.0,16.59
highschool,10,2,QAP,,0.767584,4564.0,1156.0,0.36
highschool,10,2,QAP_init,,1.0,1156.0,1156.0,0.08
highschool,15,0,Fugal,,1.0,1764.0,1764.0,14.84
highschool,15,0,Fugal_init,0.05,1.0,1764.0,1764.0,16.21
highschool,15,0,Fugal_init,0.1,1.0,1764.0,1764.0,16.41
highschool,15,0,Fugal_init,0.25,1.0,1764.0,1764.0,16.46
highschool,15,0,Fugal_init,0.5,1.0,1764.0,1764.0,15.02
highschool,15,0,Fugal_init,1,1.0,1764.0,1764.0,15.03
highschool,15,0,Fugal_init,1.5,1.0,1764.0,1764.0,16.7
highschool,15,0,Fugal_init,2,1.0,1764.0,1764.0,16.7
highschool,15,0,Fugal_init,2.5,1.0,1764.0,1764.0,16.81
highschool,15,0,Fugal_init,3,1.0,1764.0,1764.0,16.71
highschool,15,0,QAP,,0.244648,8780.0,1764.0,0.51
highschool,15,0,QAP_init,,1.0,1764.0,1764.0,0.06
highschool,15,1,Fugal,,1.0,1706.0,1706.0,16.4
highschool,15,1,Fugal_init,0.05,1.0,1706.0,1706.0,16.46
highschool,15,1,Fugal_init,0.1,1.0,1706.0,1706.0,16.58
highschool,15,1,Fugal_init,0.25,1.0,1706.0,1706.0,16.85
highschool,15,1,Fugal_init,0.5,1.0,1706.0,1706.0,16.78
highschool,15,1,Fugal_init,1,1.0,1706.0,1706.0,16.63
highschool,15,1,Fugal_init,1.5,1.0,1706.0,1706.0,16.75
highschool,15,1,Fugal_init,2,1.0,1706.0,1706.0,16.75
highschool,15,1,Fugal_init,2.5,1.0,1706.0,1706.0,16.64
highschool,15,1,Fugal_init,3,1.0,1706.0,1706.0,16.62
highschool,15,1,QAP,,0.379205,8282.0,1706.0,0.39
highschool,15,1,QAP_init,,1.0,1706.0,1706.0,0.09
highschool,15,2,Fugal,,1.0,1714.0,1714.0,16.3
highschool,15,2,Fugal_init,0.05,1.0,1714.0,1714.0,16.7
highschool,15,2,Fugal_init,0.1,1.0,1714.0,1714.0,16.58
highschool,15,2,Fugal_init,0.25,1.0,1714.0,1714.0,16.83
highschool,15,2,Fugal_init,0.5,1.0,1714.0,1714.0,16.48
highschool,15,2,Fugal_init,1,1.0,1714.0,1714.0,16.67
highschool,15,2,Fugal_init,1.5,1.0,1714.0,1714.0,16.72
highschool,15,2,Fugal_init,2,1.0,1714.0,1714.0,16.64
highschool,15,2,Fugal_init,2.5,1.0,1714.0,1714.0,16.78
highschool,15,2,Fugal_init,3,1.0,1714.0,1714.0,16.85
highschool,15,2,QAP,,0.571865,6974.0,1714.0,0.35
highschool,15,2,QAP_init,,1.0,1714.0,1714.0,0.08
highschool,20,0,Fugal,,1.0,2296.0,2296.0,16.57
highschool,20,0,Fugal_init,0.05,1.0,2296.0,2296.0,16.69
highschool,20,0,Fugal_init,0.1,1.0,2296.0,2296.0,16.62
highschool,20,0,Fugal_init,0.25,1.0,2296.0,2296.0,16.57
highschool,20,0,Fugal_init,0.5,1.0,2296.0,2296.0,16.56
highschool,20,0,Fugal_init,1,1.0,2296.0,2296.0,16.68
highschool,20,0,Fugal_init,1.5,1.0,2296.0,2296.0,16.53
highschool,20,0,Fugal_init,2,1.0,2296.0,2296.0,16.43
highschool,20,0,Fugal_init,2.5,1.0,2296.0,2296.0,16.76
highschool,20,0,Fugal_init,3,1.0,2296.0,2296.0,16.82
highschool,20,0,QAP,,0.030581,9176.0,2296.0,0.94
highschool,20,0,QAP_init,,1.0,2296.0,2296.0,0.07
highschool,20,1,Fugal,,1.0,2304.0,2304.0,16.2
highschool,20,1,Fugal_init,0.05,1.0,2304.0,2304.0,16.41
highschool,20,1,Fugal_init,0.1,1.0,2304.0,2304.0,16.35
highschool,20,1,Fugal_init,0.25,1.0,2304.0,2304.0,16.09
highschool,20,1,Fugal_init,0.5,1.0,2304.0,2304.0,16.3
highschool,20,1,Fugal_init,1,1.0,2304.0,2304.0,16.41
highschool,20,1,Fugal_init,1.5,1.0,2304.0,2304.0,16.32
highschool,20,1,Fugal_init,2,1.0,2304.0,2304.0,16.35
highschool,20,1,Fugal_init,2.5,1.0,2304.0,2304.0,16.61
highschool,20,1,Fugal_init,3,1.0,2304.0,2304.0,16.19
highschool,20,1,QAP,,0.336391,8176.0,2304.0,0.47
highschool,20,1,QAP_init,,1.0,2304.0,2304.0,0.09
highschool,20,2,Fugal,,1.0,2278.0,2278.0,16.08
highschool,20,2,Fugal_init,0.05,1.0,2278.0,2278.0,16.41
highschool,20,2,Fugal_init,0.1,1.0,2278.0,2278.0,16.37
highschool,20,2,Fugal_init,0.25,1.0,2278.0,2278.0,16.35
highschool,20,2,Fugal_init,0.5,1.0,2278.0,2278.0,16.39
highschool,20,2,Fugal_init,1,1.0,2278.0,2278.0,16.22
highschool,20,2,Fugal_init,1.5,1.0,2278.0,2278.0,16.42
highschool,20,2,Fugal_init,2,1.0,2278.0,2278.0,16.5
highschool,20,2,Fugal_init,2.5,1.0,2278.0,2278.0,16.59
highschool,20,2,Fugal_init,3,1.0,2278.0,2278.0,16.44
highschool,20,2,QAP,,0.486239,7258.0,2278.0,6.41
highschool,20,2,QAP_init,,1.0,2278.0,2278.0,0.08
euroroad,0,0,Fugal,,0.944634,136.0,0.0,82.82
euroroad,0,0,Fugal_init,0.05,0.945486,112.0,0.0,7.29
euroroad,0,0,Fugal_init,0.1,0.946337,92.0,0.0,7.28
euroroad,0,0,Fugal_init,0.25,0.951448,116.0,0.0,72.44
euroroad,0,0,Fugal_init,0.5,0.948041,72.0,0.0,80.71
euroroad,0,0,Fugal_init,1,0.953152,24.0,0.0,81.15
euroroad,0,0,Fugal_init,1.5,0.949744,0.0,0.0,81.5
euroroad,0,0,Fugal_init,2,0.949744,0.0,0.0,81.38
euroroad,0,0,Fugal_init,2.5,0.949744,0.0,0.0,80.94
euroroad,0,0,Fugal_init,3,0.949744,0.0,0.0,81.0
euroroad,0,0,QAP,,0.012777,2096.0,0.0,4.53
euroroad,0,0,QAP_init,,0.951448,0.0,0.0,0.45
euroroad,0,1,Fugal,,0.939523,128.0,0.0,81.24
euroroad,0,1,Fugal_init,0.05,0.948893,128.0,0.0,6.74
euroroad,0,1,Fugal_init,0.1,0.947189,152.0,0.0,7.0
euroroad,0,1,Fugal_init,0.25,0.945486,116.0,0.0,71.18
euroroad,0,1,Fugal_init,0.5,0.94293,108.0,0.0,79.62
euroroad,0,1,Fugal_init,1,0.955707,56.0,0.0,81.66
euroroad,0,1,Fugal_init,1.5,0.9523,8.0,0.0,81.7
euroroad,0,1,Fugal_init,2,0.950596,0.0,0.0,81.21
euroroad,0,1,Fugal_init,2.5,0.950596,0.0,0.0,81.2
euroroad,0,1,Fugal_init,3,0.950596,0.0,0.0,80.7
euroroad,0,1,QAP,,0.015332,2136.0,0.0,4.44
euroroad,0,1,QAP_init,,0.9523,8.0,0.0,0.32
euroroad,0,2,Fugal,,0.947189,120.0,0.0,81.3
euroroad,0,2,Fugal_init,0.05,0.947189,84.0,0.0,7.17
euroroad,0,2,Fugal_init,0.1,0.939523,120.0,0.0,6.79
euroroad,0,2,Fugal_init,0.25,0.943782,84.0,0.0,71.25
euroroad,0,2,Fugal_init,0.5,0.94293,80.0,0.0,79.35
euroroad,0,2,Fugal_init,1,0.939523,56.0,0.0,80.17
euroroad,0,2,Fugal_init,1.5,0.936968,0.0,0.0,81.09
euroroad,0,2,Fugal_init,2,0.936968,0.0,0.0,80.93
euroroad,0,2,Fugal_init,2.5,0.936968,0.0,0.0,81.11
euroroad,0,2,Fugal_init,3,0.936968,0.0,0.0,81.31
euroroad,0,2,QAP,,0.00937,2160.0,0.0,4.1
euroroad,0,2,QAP_init,,0.94293,0.0,0.0,0.42
euroroad,5,0,Fugal,,0.868825,426.0,122.0,78.68
euroroad,5,0,Fugal_init,0.05,0.561329,2430.0,122.0,7.14
euroroad,5,0,Fugal_init,0.1,0.57155,2466.0,122.0,7.56
euroroad,5,0,Fugal_init,0.25,0.594549,2206.0,122.0,7.16
euroroad,5,0,Fugal_init,0.5,0.764055,1074.0,122.0,58.87
euroroad,5,0,Fugal_init,1,0.830494,458.0,122.0,75.32
euroroad,5,0,Fugal_init,1.5,0.846678,374.0,122.0,78.09
euroroad,5,0,Fugal_init,2,0.859455,322.0,122.0,79.45
euroroad,5,0,Fugal_init,2.5,0.84753,298.0,122.0,80.52
euroroad,5,0,Fugal_init,3,0.867121,274.0,122.0,79.93
euroroad,5,0,QAP,,0.005111,2110.0,122.0,3.95
euroroad,5,0,QAP_init,,0.892675,158.0,122.0,1.02
euroroad,5,1,Fugal,,0.813458,582.0,126.0,80.13
euroroad,5,1,Fugal_init,0.05,0.549404,2598.0,126.0,6.81
euroroad,5,1,Fugal_init,0.1,0.545145,2530.0,126.0,7.26
euroroad,5,1,Fugal_init,0.25,0.572402,2286.0,126.0,41.52
euroroad,5,1,Fugal_init,0.5,0.718058,1246.0,126.0,78.35
euroroad,5,1,Fugal_init,1,0.816865,646.0,126.0,79.5
euroroad,5,1,Fugal_init,1.5,0.827087,506.0,126.0,80.23
euroroad,5,1,Fugal_init,2,0.831346,382.0,126.0,81.11
euroroad,5,1,Fugal_init,2.5,0.829642,382.0,126.0,81.03
euroroad,5,1,Fugal_init,3,0.827939,410.0,126.0,80.43
euroroad,5,1,QAP,,0.008518,2094.0,126.0,4.31
euroroad,5,1,QAP_init,,0.894378,158.0,126.0,0.83
euroroad,5,2,Fugal,,0.859455,470.0,102.0,80.39
euroroad,5,2,Fugal_init,0.05,0.574957,2378.0,102.0,7.36
euroroad,5,2,Fugal_init,0.1,0.587734,2326.0,102.0,6.9
euroroad,5,2,Fugal_init,0.25,0.598807,2198.0,102.0,7.15
euroroad,5,2,Fugal_init,0.5,0.763203,974.0,102.0,73.86
euroroad,5,2,Fugal_init,1,0.848382,426.0,102.0,79.54
euroroad,5,2,Fugal_init,1.5,0.854344,326.0,102.0,80.33
euroroad,5,2,Fugal_init,2,0.862862,286.0,102.0,80.45
euroroad,5,2,Fugal_init,2.5,0.869676,270.0,102.0,81.18
euroroad,5,2,Fugal_init,3,0.869676,298.0,102.0,81.52
euroroad,5,2,QAP,,0.021295,2070.0,102.0,4.34
euroroad,5,2,QAP_init,,0.894378,126.0,102.0,1.36
euroroad,10,0,Fugal,,0.741908,924.0,248.0,79.31
euroroad,10,0,Fugal_init,0.05,0.273424,4028.0,248.0,7.16
euroroad,10,0,Fugal_init,0.1,0.283646,3804.0,248.0,6.93
euroroad,10,0,Fugal_init,0.25,0.297274,3692.0,248.0,7.26
euroroad,10,0,Fugal_init,0.5,0.454003,2544.0,248.0,66.69
euroroad,10,0,Fugal_init,1,0.698467,1132.0,248.0,77.83
euroroad,10,0,Fugal_init,1.5,0.734242,920.0,248.0,78.58
euroroad,10,0,Fugal_init,2,0.740204,804.0,248.0,79.28
euroroad,10,0,Fugal_init,2.5,0.744463,788.0,248.0,79.58
euroroad,10,0,Fugal_init,3,0.741056,792.0,248.0,79.43
euroroad,10,0,QAP,,0.000852,2012.0,248.0,4.13
euroroad,10,0,QAP_init,,0.833901,312.0,248.0,1.7
euroroad,10,1,Fugal,,0.704429,958.0,258.0,80.09
euroroad,10,1,Fugal_init,0.05,0.276831,4038.0,258.0,6.93
euroroad,10,1,Fugal_init,0.1,0.27598,3962.0,258.0,6.78
euroroad,10,1,Fugal_init,0.25,0.313458,3670.0,258.0,11.54
euroroad,10,1,Fugal_init,0.5,0.511073,2134.0,258.0,74.77
euroroad,10,1,Fugal_init,1,0.651618,1210.0,258.0,80.36
euroroad,10,1,Fugal_init,1.5,0.686542,994.0,258.0,80.47
euroroad,10,1,Fugal_init,2,0.70954,862.0,258.0,80.5
euroroad,10,1,Fugal_init,2.5,0.68569,826.0,258.0,80.89
euroroad,10,1,Fugal_init,3,0.666099,858.0,258.0,80.24
euroroad,10,1,QAP,,0.004259,2070.0,258.0,3.86
euroroad,10,1,QAP_init,,0.791312,402.0,258.0,1.41
euroroad,10,2,Fugal,,0.750426,942.0,206.0,77.3
euroroad,10,2,Fugal_init,0.05,0.340716,3858.0,206.0,7.34
euroroad,10,2,Fugal_init,0.1,0.344974,3762.0,206.0,7.11
euroroad,10,2,Fugal_init,0.25,0.366269,3630.0,206.0,7.09
euroroad,10,2,Fugal_init,0.5,0.402044,3074.0,206.0,50.81
euroroad,10,2,Fugal_init,1,0.721465,1086.0,206.0,73.1
euroroad,10,2,Fugal_init,1.5,0.753833,834.0,206.0,76.22
euroroad,10,2,Fugal_init,2,0.76661,750.0,206.0,78.35
euroroad,10,2,Fugal_init,2.5,0.782794,606.0,206.0,78.92
euroroad,10,2,Fugal_init,3,0.783646,598.0,206.0,79.04
euroroad,10,2,QAP,,0.011073,2062.0,206.0,4.06
euroroad,10,2,QAP_init,,0.832198,302.0,206.0,1.29
euroroad,15,0,Fugal,,0.388416,2038.0,358.0,75.3
euroroad,15,0,Fugal_init,0.05,0.136286,4442.0,358.0,7.1
euroroad,15,0,Fugal_init,0.1,0.139693,4334.0,358.0,7.14
euroroad,15,0,Fugal_init,0.25,0.153322,4154.0,358.0,7.22
euroroad,15,0,Fugal_init,0.5,0.227428,3506.0,358.0,60.83
euroroad,15,0,Fugal_init,1,0.316865,2554.0,358.0,73.32
euroroad,15,0,Fugal_init,1.5,0.393526,2022.0,358.0,73.93
euroroad,15,0,Fugal_init,2,0.394378,1930.0,358.0,75.96
euroroad,15,0,Fugal_init,2.5,0.419932,1874.0,358.0,77.64
euroroad,15,0,Fugal_init,3,0.399489,1870.0,358.0,77.97
euroroad,15,0,QAP,,0.004259,1894.0,358.0,4.25
euroroad,15,0,QAP_init,,0.758092,498.0,358.0,2.01
euroroad,15,1,Fugal,,0.477002,1728.0,360.0,79.74
euroroad,15,1,Fugal_init,0.05,0.142249,4380.0,360.0,7.13
euroroad,15,1,Fugal_init,0.1,0.154174,4256.0,360.0,7.06
euroroad,15,1,Fugal_init,0.25,0.166099,4128.0,360.0,7.02
euroroad,15,1,Fugal_init,0.5,0.205281,3604.0,360.0,68.99
euroroad,15,1,Fugal_init,1,0.416525,2036.0,360.0,78.0
euroroad,15,1,Fugal_init,1.5,0.457411,1736.0,360.0,79.66
euroroad,15,1,Fugal_init,2,0.471891,1580.0,360.0,79.48
euroroad,15,1,Fugal_init,2.5,0.483816,1552.0,360.0,79.56
euroroad,15,1,Fugal_init,3,0.477002,1596.0,360.0,79.93
euroroad,15,1,QAP,,0.015332,1980.0,360.0,4.04
euroroad,15,1,QAP_init,,0.73339,496.0,360.0,2.35
euroroad,15,2,Fugal,,0.58092,1470.0,310.0,77.96
euroroad,15,2,Fugal_init,0.05,0.199319,4402.0,310.0,7.05
euroroad,15,2,Fugal_init,0.1,0.213799,4282.0,310.0,7.06
euroroad,15,2,Fugal_init,0.25,0.219761,4134.0,310.0,7.13
euroroad,15,2,Fugal_init,0.5,0.343271,3118.0,310.0,40.32
euroroad,15,2,Fugal_init,1,0.497445,1878.0,310.0,73.76
euroroad,15,2,Fugal_init,1.5,0.562181,1442.0,310.0,76.73
euroroad,15,2,Fugal_init,2,0.579216,1394.0,310.0,77.74
euroroad,15,2,Fugal_init,2.5,0.524702,1482.0,310.0,77.52
euroroad,15,2,Fugal_init,3,0.515332,1458.0,310.0,78.06
euroroad,15,2,QAP,,0.005111,1998.0,310.0,4.29
euroroad,15,2,QAP_init,,0.729983,450.0,310.0,1.77
euroroad,20,0,Fugal,,0.189097,2628.0,464.0,77.04
euroroad,20,0,Fugal_init,0.05,0.081772,4596.0,464.0,6.83
euroroad,20,0,Fugal_init,0.1,0.086882,4424.0,464.0,7.01
euroroad,20,0,Fugal_init,0.25,0.09029,4300.0,464.0,7.04
euroroad,20,0,Fugal_init,0.5,0.138842,3764.0,464.0,66.11
euroroad,20,0,Fugal_init,1,0.183986,2884.0,464.0,75.9
euroroad,20,0,Fugal_init,1.5,0.230835,2476.0,464.0,76.99
euroroad,20,0,Fugal_init,2,0.188245,2552.0,464.0,77.04
euroroad,20,0,Fugal_init,2.5,0.187394,2484.0,464.0,76.78
euroroad,20,0,Fugal_init,3,0.210392,2460.0,464.0,75.98
euroroad,20,0,QAP,,0.003407,1860.0,464.0,4.34
euroroad,20,0,QAP_init,,0.602215,756.0,464.0,2.6
euroroad,20,1,Fugal,,0.26661,2468.0,464.0,79.44
euroroad,20,1,Fugal_init,0.05,0.070698,4656.0,464.0,7.09
euroroad,20,1,Fugal_init,0.1,0.082624,4492.0,464.0,7.39
euroroad,20,1,Fugal_init,0.25,0.094549,4320.0,464.0,6.95
euroroad,20,1,Fugal_init,0.5,0.143101,3908.0,464.0,70.12
euroroad,20,1,Fugal_init,1,0.215503,2856.0,464.0,78.39
euroroad,20,1,Fugal_init,1.5,0.273424,2444.0,464.0,79.21
euroroad,20,1,Fugal_init,2,0.271721,2392.0,464.0,79.59
euroroad,20,1,Fugal_init,2.5,0.285349,2244.0,464.0,79.88
euroroad,20,1,Fugal_init,3,0.279387,2252.0,464.0,79.87
euroroad,20,1,QAP,,0.008518,1896.0,464.0,4.02
euroroad,20,1,QAP_init,,0.560477,804.0,464.0,3.26
euroroad,20,2,Fugal,,0.288756,2302.0,418.0,76.92
euroroad,20,2,Fugal_init,0.05,0.100511,4618.0,418.0,6.88
euroroad,20,2,Fugal_init,0.1,0.116695,4470.0,418.0,6.86
euroroad,20,2,Fugal_init,0.25,0.132027,4386.0,418.0,7.11
euroroad,20,2,Fugal_init,0.5,0.135434,4070.0,418.0,35.49
euroroad,20,2,Fugal_init,1,0.24276,3038.0,418.0,73.15
euroroad,20,2,Fugal_init,1.5,0.274276,2498.0,418.0,75.87
euroroad,20,2,Fugal_init,2,0.285349,2242.0,418.0,76.88
euroroad,20,2,Fugal_init,2.5,0.293015,2146.0,418.0,77.7
euroroad,20,2,Fugal_init,3,0.30494,2102.0,418.0,77.84
euroroad,20,2,QAP,,0.001704,1934.0,418.0,4.12
euroroad,20,2,QAP_init,,0.620102,658.0,418.0,2.22
multimanga,0,0,Fugal,,0.841633,8.0,0.0,65.2
multimanga,0,0,Fugal_init,0.05,0.85259,0.0,0.0,64.8
multimanga,0,0,Fugal_init,0.1,0.85259,0.0,0.0,65.2
multimanga,0,0,Fugal_init,0.25,0.85259,0.0,0.0,65.22
multimanga,0,0,Fugal_init,0.5,0.85259,0.0,0.0,65.1
multimanga,0,0,Fugal_init,1,0.85259,0.0,0.0,65.08
multimanga,0,0,Fugal_init,1.5,0.85259,0.0,0.0,65.25
multimanga,0,0,Fugal_init,2,0.85259,0.0,0.0,65.55
multimanga,0,0,Fugal_init,2.5,0.85259,0.0,0.0,65.03
multimanga,0,0,Fugal_init,3,0.85259,0.0,0.0,65.0
multimanga,0,0,QAP,,0.49004,2068.0,0.0,4.34
multimanga,0,0,QAP_init,,0.859562,0.0,0.0,0.39
multimanga,0,1,Fugal,,0.848606,0.0,0.0,65.09
multimanga,0,1,Fugal_init,0.05,0.840637,0.0,0.0,65.22
multimanga,0,1,Fugal_init,0.1,0.840637,0.0,0.0,65.16
multimanga,0,1,Fugal_init,0.25,0.840637,0.0,0.0,65.14
multimanga,0,1,Fugal_init,0.5,0.840637,0.0,0.0,65.03
multimanga,0,1,Fugal_init,1,0.840637,0.0,0.0,64.85
multimanga,0,1,Fugal_init,1.5,0.840637,0.0,0.0,64.61
multimanga,0,1,Fugal_init,2,0.840637,0.0,0.0,65.07
multimanga,0,1,Fugal_init,2.5,0.840637,0.0,0.0,64.89
multimanga,0,1,Fugal_init,3,0.840637,0.0,0.0,64.95
multimanga,0,1,QAP,,0.48506,2544.0,0.0,3.04
multimanga,0,1,QAP_init,,0.853586,0.0,0.0,0.37
multimanga,0,2,Fugal,,0.848606,0.0,0.0,64.8
multimanga,0,2,Fugal_init,0.05,0.838645,0.0,0.0,65.11
multimanga,0,2,Fugal_init,0.1,0.838645,0.0,0.0,65.05
multimanga,0,2,Fugal_init,0.25,0.838645,0.0,0.0,65.09
multimanga,0,2,Fugal_init,0.5,0.838645,0.0,0.0,64.81
multimanga,0,2,Fugal_init,1,0.838645,0.0,0.0,64.92
multimanga,0,2,Fugal_init,1.5,0.838645,0.0,0.0,64.85
multimanga,0,2,Fugal_init,2,0.838645,0.0,0.0,65.44
multimanga,0,2,Fugal_init,2.5,0.838645,0.0,0.0,64.82
multimanga,0,2,Fugal_init,3,0.838645,0.0,0.0,64.74
multimanga,0,2,QAP,,0.472112,2672.0,0.0,2.86
multimanga,0,2,QAP_init,,0.828685,0.0,0.0,0.38
multimanga,5,0,Fugal,,0.829681,858.0,842.0,64.85
multimanga,5,0,Fugal_init,0.05,0.831673,850.0,842.0,64.7
multimanga,5,0,Fugal_init,0.1,0.834661,842.0,842.0,65.16
multimanga,5,0,Fugal_init,0.25,0.835657,842.0,842.0,65.05
multimanga,5,0,Fugal_init,0.5,0.835657,850.0,842.0,64.67
multimanga,5,0,Fugal_init,1,0.832669,866.0,842.0,64.81
multimanga,5,0,Fugal_init,1.5,0.823705,894.0,842.0,65.02
multimanga,5,0,Fugal_init,2,0.821713,910.0,842.0,65.08
multimanga,5,0,Fugal_init,2.5,0.820717,942.0,842.0,64.99
multimanga,5,0,Fugal_init,3,0.815737,954.0,842.0,64.89
multimanga,5,0,QAP,,0.346614,4854.0,842.0,3.23
multimanga,5,0,QAP_init,,0.826693,850.0,842.0,0.49
multimanga,5,1,Fugal,,0.829681,790.0,782.0,65.13
multimanga,5,1,Fugal_init,0.05,0.824701,818.0,782.0,65.25
multimanga,5,1,Fugal_init,0.1,0.826693,810.0,782.0,65.09
multimanga,5,1,Fugal_init,0.25,0.839641,786.0,782.0,65.26
multimanga,5,1,Fugal_init,0.5,0.839641,786.0,782.0,65.12
multimanga,5,1,Fugal_init,1,0.839641,790.0,782.0,65.14
multimanga,5,1,Fugal_init,1.5,0.833665,810.0,782.0,65.0
multimanga,5,1,Fugal_init,2,0.830677,834.0,782.0,65.29
multimanga,5,1,Fugal_init,2.5,0.826693,846.0,782.0,65.46
multimanga,5,1,Fugal_init,3,0.825697,858.0,782.0,65.08
multimanga,5,1,QAP,,0.405378,3650.0,782.0,3.09
multimanga,5,1,QAP_init,,0.828685,810.0,782.0,2.49
multimanga,5,2,Fugal,,0.818725,890.0,890.0,65.62
multimanga,5,2,Fugal_init,0.05,0.815737,902.0,890.0,64.94
multimanga,5,2,Fugal_init,0.1,0.816733,894.0,890.0,64.99
multimanga,5,2,Fugal_init,0.25,0.812749,890.0,890.0,64.68
multimanga,5,2,Fugal_init,0.5,0.812749,890.0,890.0,64.94
multimanga,5,2,Fugal_init,1,0.811753,894.0,890.0,64.55
multimanga,5,2,Fugal_init,1.5,0.812749,898.0,890.0,65.68
multimanga,5,2,Fugal_init,2,0.811753,898.0,890.0,64.86
multimanga,5,2,Fugal_init,2.5,0.810757,930.0,890.0,65.05
multimanga,5,2,Fugal_init,3,0.799801,1034.0,890.0,65.13
multimanga,5,2,QAP,,0.337649,5202.0,890.0,3.27
multimanga,5,2,QAP_init,,0.806773,926.0,890.0,0.47
multimanga,10,0,Fugal,,0.772908,1914.0,1582.0,64.76
multimanga,10,0,Fugal_init,0.05,0.714143,2254.0,1582.0,64.92
multimanga,10,0,Fugal_init,0.1,0.710159,2178.0,1582.0,64.98
multimanga,10,0,Fugal_init,0.25,0.766932,1846.0,1582.0,64.79
multimanga,10,0,Fugal_init,0.5,0.751992,1906.0,1582.0,64.94
multimanga,10,0,Fugal_init,1,0.737052,2006.0,1582.0,65.4
multimanga,10,0,Fugal_init,1.5,0.733068,2066.0,1582.0,65.04
multimanga,10,0,Fugal_init,2,0.721116,2194.0,1582.0,64.81
multimanga,10,0,Fugal_init,2.5,0.72012,2362.0,1582.0,65.26
multimanga,10,0,Fugal_init,3,0.768924,1958.0,1582.0,65.05
multimanga,10,0,QAP,,0.375498,4330.0,1582.0,3.15
multimanga,10,0,QAP_init,,0.762948,1910.0,1582.0,1.0
multimanga,10,1,Fugal,,0.791833,1666.0,1606.0,64.98
multimanga,10,1,Fugal_init,0.05,0.691235,2454.0,1606.0,65.27
multimanga,10,1,Fugal_init,0.1,0.694223,2426.0,1606.0,64.81
multimanga,10,1,Fugal_init,0.25,0.763944,1898.0,1606.0,65.0
multimanga,10,1,Fugal_init,0.5,0.760956,1898.0,1606.0,65.42
multimanga,10,1,Fugal_init,1,0.766932,1862.0,1606.0,64.9
multimanga,10,1,Fugal_init,1.5,0.789841,1702.0,1606.0,65.12
multimanga,10,1,Fugal_init,2,0.775896,1786.0,1606.0,64.9
multimanga,10,1,Fugal_init,2.5,0.772908,1826.0,1606.0,65.31
multimanga,10,1,Fugal_init,3,0.765936,1862.0,1606.0,65.28
multimanga,10,1,QAP,,0.335657,4874.0,1606.0,2.82
multimanga,10,1,QAP_init,,0.722112,1918.0,1606.0,1.07
multimanga,10,2,Fugal,,0.801793,1840.0,1796.0,64.74
multimanga,10,2,Fugal_init,0.05,0.666335,3164.0,1796.0,64.95
multimanga,10,2,Fugal_init,0.1,0.669323,3096.0,1796.0,64.79
multimanga,10,2,Fugal_init,0.25,0.694223,3068.0,1796.0,64.75
multimanga,10,2,Fugal_init,0.5,0.697211,3124.0,1796.0,64.99
multimanga,10,2,Fugal_init,1,0.719124,2708.0,1796.0,64.34
multimanga,10,2,Fugal_init,1.5,0.714143,2788.0,1796.0,64.86
multimanga,10,2,Fugal_init,2,0.711155,3028.0,1796.0,64.68
multimanga,10,2,Fugal_init,2.5,0.710159,3104.0,1796.0,64.55
multimanga,10,2,Fugal_init,3,0.705179,3164.0,1796.0,64.77
multimanga,10,2,QAP,,0.343625,5260.0,1796.0,9.35
multimanga,10,2,QAP_init,,0.659363,3200.0,1796.0,1.51
multimanga,15,0,Fugal,,0.75498,2738.0,2382.0,64.52
multimanga,15,0,Fugal_init,0.05,0.604582,4366.0,2382.0,64.85
multimanga,15,0,Fugal_init,0.1,0.649402,3650.0,2382.0,64.81
multimanga,15,0,Fugal_init,0.25,0.656375,3622.0,2382.0,65.15
multimanga,15,0,Fugal_init,0.5,0.663347,3462.0,2382.0,64.72
multimanga,15,0,Fugal_init,1,0.655378,3562.0,2382.0,65.15
multimanga,15,0,Fugal_init,1.5,0.656375,3598.0,2382.0,64.86
multimanga,15,0,Fugal_init,2,0.651394,3750.0,2382.0,64.95
multimanga,15,0,Fugal_init,2.5,0.648406,3846.0,2382.0,64.85
multimanga,15,0,Fugal_init,3,0.633466,3978.0,2382.0,64.94
multimanga,15,0,QAP,,0.356574,5458.0,2382.0,3.24
multimanga,15,0,QAP_init,,0.64243,3970.0,2382.0,1.5
multimanga,15,1,Fugal,,0.75498,2598.0,2402.0,65.37
multimanga,15,1,Fugal_init,0.05,0.555777,4478.0,2402.0,64.93
multimanga,15,1,Fugal_init,0.1,0.606574,3774.0,2402.0,65.15
multimanga,15,1,Fugal_init,0.25,0.626494,3694.0,2402.0,64.97
multimanga,15,1,Fugal_init,0.5,0.648406,3318.0,2402.0,65.2
multimanga,15,1,Fugal_init,1,0.659363,3254.0,2402.0,64.91
multimanga,15,1,Fugal_init,1.5,0.65239,3358.0,2402.0,64.69
multimanga,15,1,Fugal_init,2,0.663347,3482.0,2402.0,65.24
multimanga,15,1,Fugal_init,2.5,0.653386,3522.0,2402.0,64.69
multimanga,15,1,Fugal_init,3,0.653386,3650.0,2402.0,64.64
multimanga,15,1,QAP,,0.471116,4486.0,2402.0,2.91
multimanga,15,1,QAP_init,,0.655378,3738.0,2402.0,2.08
multimanga,15,2,Fugal,,0.623506,3970.0,2626.0,64.62
multimanga,15,2,Fugal_init,0.05,0.570717,4898.0,2626.0,65.11
multimanga,15,2,Fugal_init,0.1,0.564741,4874.0,2626.0,64.84
multimanga,15,2,Fugal_init,0.25,0.630478,3966.0,2626.0,65.03
multimanga,15,2,Fugal_init,0.5,0.621514,4110.0,2626.0,64.73
multimanga,15,2,Fugal_init,1,0.626494,4174.0,2626.0,64.72
multimanga,15,2,Fugal_init,1.5,0.639442,4094.0,2626.0,64.74
multimanga,15,2,Fugal_init,2,0.634462,4270.0,2626.0,65.02
multimanga,15,2,Fugal_init,2.5,0.634462,4142.0,2626.0,64.89
multimanga,15,2,Fugal_init,3,0.635458,4290.0,2626.0,64.37
multimanga,15,2,QAP,,0.330677,6074.0,2626.0,3.44
multimanga,15,2,QAP_init,,0.61753,4006.0,2626.0,1.63
multimanga,20,0,Fugal,,0.618526,4420.0,3204.0,64.54
multimanga,20,0,Fugal_init,0.05,0.551793,5612.0,3204.0,64.49
multimanga,20,0,Fugal_init,0.1,0.539841,5536.0,3204.0,64.76
multimanga,20,0,Fugal_init,0.25,0.517928,5664.0,3204.0,64.75
multimanga,20,0,Fugal_init,0.5,0.601594,4588.0,3204.0,64.58
multimanga,20,0,Fugal_init,1,0.610558,4600.0,3204.0,64.61
multimanga,20,0,Fugal_init,1.5,0.616534,4552.0,3204.0,64.81
multimanga,20,0,Fugal_init,2,0.609562,4560.0,3204.0,65.1
multimanga,20,0,Fugal_init,2.5,0.596614,4636.0,3204.0,64.75
multimanga,20,0,Fugal_init,3,0.586653,4984.0,3204.0,65.25
multimanga,20,0,QAP,,0.331673,6112.0,3204.0,4.51
multimanga,20,0,QAP_init,,0.576693,5704.0,3204.0,2.46
multimanga,20,1,Fugal,,0.671315,4152.0,3288.0,64.17
multimanga,20,1,Fugal_init,0.05,0.505976,5976.0,3288.0,64.54
multimanga,20,1,Fugal_init,0.1,0.512948,5940.0,3288.0,64.82
multimanga,20,1,Fugal_init,0.25,0.555777,5388.0,3288.0,64.71
multimanga,20,1,Fugal_init,0.5,0.613546,4776.0,3288.0,64.56
multimanga,20,1,Fugal_init,1,0.635458,4400.0,3288.0,64.41
multimanga,20,1,Fugal_init,1.5,0.616534,4652.0,3288.0,64.52
multimanga,20,1,Fugal_init,2,0.615538,4724.0,3288.0,64.98
multimanga,20,1,Fugal_init,2.5,0.615538,4736.0,3288.0,65.03
multimanga,20,1,Fugal_init,3,0.608566,4964.0,3288.0,64.54
multimanga,20,1,QAP,,0.288845,7024.0,3288.0,3.03
multimanga,20,1,QAP_init,,0.555777,5916.0,3288.0,3.68
multimanga,20,2,Fugal,,0.614542,4602.0,3358.0,64.46
multimanga,20,2,Fugal_init,0.05,0.49502,6174.0,3358.0,64.67
multimanga,20,2,Fugal_init,0.1,0.556773,5126.0,3358.0,64.69
multimanga,20,2,Fugal_init,0.25,0.585657,4822.0,3358.0,64.89
multimanga,20,2,Fugal_init,0.5,0.608566,4726.0,3358.0,64.8
multimanga,20,2,Fugal_init,1,0.580677,4954.0,3358.0,64.89
multimanga,20,2,Fugal_init,1.5,0.579681,5122.0,3358.0,64.6
multimanga,20,2,Fugal_init,2,0.584661,5254.0,3358.0,64.59
multimanga,20,2,Fugal_init,2.5,0.582669,5322.0,3358.0,64.94
multimanga,20,2,Fugal_init,3,0.573705,5650.0,3358.0,64.63
multimanga,20,2,QAP,,0.251992,7822.0,3358.0,4.98
multimanga,20,2,QAP_init,,0.572709,5198.0,3358.0,1.79
voles,0,0,Fugal,,0.963534,0.0,0.0,37.09
voles,0,0,Fugal_init,0.05,0.943899,0.0,0.0,36.86
voles,0,0,Fugal_init,0.1,0.943899,0.0,0.0,37.21
voles,0,0,Fugal_init,0.25,0.943899,0.0,0.0,37.17
voles,0,0,Fugal_init,0.5,0.943899,0.0,0.0,37.15
voles,0,0,Fugal_init,1,0.943899,0.0,0.0,37.31
voles,0,0,Fugal_init,1.5,0.943899,0.0,0.0,37.27
voles,0,0,Fugal_init,2,0.943899,0.0,0.0,37.03
voles,0,0,Fugal_init,2.5,0.943899,0.0,0.0,37.33
voles,0,0,Fugal_init,3,0.943899,0.0,0.0,37.28
voles,0,0,QAP,,0.793829,540.0,0.0,1.66
voles,0,0,QAP_init,,0.941094,0.0,0.0,0.17
voles,0,1,Fugal,,0.939691,0.0,0.0,37.05
voles,0,1,Fugal_init,0.05,0.956522,0.0,0.0,37.24
voles,0,1,Fugal_init,0.1,0.956522,0.0,0.0,37.17
voles,0,1,Fugal_init,0.25,0.956522,0.0,0.0,37.36
voles,0,1,Fugal_init,0.5,0.956522,0.0,0.0,37.31
voles,0,1,Fugal_init,1,0.956522,0.0,0.0,37.41
voles,0,1,Fugal_init,1.5,0.956522,0.0,0.0,37.24
voles,0,1,Fugal_init,2,0.956522,0.0,0.0,37.24
voles,0,1,Fugal_init,2.5,0.956522,0.0,0.0,37.37
voles,0,1,Fugal_init,3,0.956522,0.0,0.0,37.31
voles,0,1,QAP,,0.671809,952.0,0.0,1.35
voles,0,1,QAP_init,,0.955119,0.0,0.0,0.17
voles,0,2,Fugal,,0.941094,0.0,0.0,37.03
voles,0,2,Fugal_init,0.05,0.939691,0.0,0.0,37.22
voles,0,2,Fugal_init,0.1,0.939691,0.0,0.0,37.14
voles,0,2,Fugal_init,0.25,0.939691,0.0,0.0,37.23
voles,0,2,Fugal_init,0.5,0.939691,0.0,0.0,37.45
voles,0,2,Fugal_init,1,0.939691,0.0,0.0,37.18
voles,0,2,Fugal_init,1.5,0.939691,0.0,0.0,37.36
voles,0,2,Fugal_init,2,0.939691,0.0,0.0,37.33
voles,0,2,Fugal_init,2.5,0.939691,0.0,0.0,37.44
voles,0,2,Fugal_init,3,0.939691,0.0,0.0,37.41
voles,0,2,QAP,,0.607293,1112.0,0.0,4.24
voles,0,2,QAP_init,,0.941094,0.0,0.0,0.17
voles,5,0,Fugal,,0.957924,222.0,222.0,36.93
voles,5,0,Fugal_init,0.05,0.960729,222.0,222.0,36.91
voles,5,0,Fugal_init,0.1,0.955119,222.0,222.0,37.14
voles,5,0,Fugal_init,0.25,0.955119,222.0,222.0,37.12
voles,5,0,Fugal_init,0.5,0.955119,222.0,222.0,37.5
voles,5,0,Fugal_init,1,0.948107,246.0,222.0,37.34
voles,5,0,Fugal_init,1.5,0.939691,278.0,222.0,37.35
voles,5,0,Fugal_init,2,0.934081,298.0,222.0,37.5
voles,5,0,Fugal_init,2.5,0.934081,310.0,222.0,37.04
voles,5,0,Fugal_init,3,0.927069,346.0,222.0,37.52
voles,5,0,QAP,,0.137447,4262.0,222.0,1.84
voles,5,0,QAP_init,,0.949509,222.0,222.0,0.17
voles,5,1,Fugal,,0.927069,252.0,252.0,36.42
voles,5,1,Fugal_init,0.05,0.935484,252.0,252.0,36.65
voles,5,1,Fugal_init,0.1,0.939691,252.0,252.0,36.89
voles,5,1,Fugal_init,0.25,0.939691,252.0,252.0,36.93
voles,5,1,Fugal_init,0.5,0.939691,252.0,252.0,37.11
voles,5,1,Fugal_init,1,0.939691,252.0,252.0,37.23
voles,5,1,Fugal_init,1.5,0.936886,264.0,252.0,37.32
voles,5,1,Fugal_init,2,0.929874,280.0,252.0,37.44
voles,5,1,Fugal_init,2.5,0.922861,304.0,252.0,37.31
voles,5,1,Fugal_init,3,0.921459,312.0,252.0,37.39
voles,5,1,QAP,,0.025245,4764.0,252.0,1.38
voles,5,1,QAP_init,,0.943899,252.0,252.0,0.18
voles,5,2,Fugal,,0.939691,176.0,168.0,36.98
voles,5,2,Fugal_init,0.05,0.931276,176.0,168.0,37.01
voles,5,2,Fugal_init,0.1,0.936886,176.0,168.0,37.02
voles,5,2,Fugal_init,0.25,0.936886,176.0,168.0,37.34
voles,5,2,Fugal_init,0.5,0.941094,168.0,168.0,37.0
voles,5,2,Fugal_init,1,0.941094,168.0,168.0,37.14
voles,5,2,Fugal_init,1.5,0.941094,168.0,168.0,37.42
voles,5,2,Fugal_init,2,0.941094,168.0,168.0,37.55
voles,5,2,Fugal_init,2.5,0.941094,168.0,168.0,37.41
voles,5,2,Fugal_init,3,0.938289,176.0,168.0,37.47
voles,5,2,QAP,,0.346424,2948.0,168.0,1.63
voles,5,2,QAP_init,,0.943899,168.0,168.0,0.17
voles,10,0,Fugal,,0.943899,460.0,440.0,36.59
voles,10,0,Fugal_init,0.05,0.948107,472.0,440.0,36.53
voles,10,0,Fugal_init,0.1,0.946704,444.0,440.0,36.35
voles,10,0,Fugal_init,0.25,0.943899,452.0,440.0,36.98
voles,10,0,Fugal_init,0.5,0.945302,456.0,440.0,36.94
voles,10,0,Fugal_init,1,0.935484,488.0,440.0,37.01
voles,10,0,Fugal_init,1.5,0.922861,512.0,440.0,37.44
voles,10,0,Fugal_init,2,0.915849,552.0,440.0,37.17
voles,10,0,Fugal_init,2.5,0.908836,580.0,440.0,37.46
voles,10,0,Fugal_init,3,0.907433,596.0,440.0,37.37
voles,10,0,QAP,,0.284712,3288.0,440.0,3.14
voles,10,0,QAP_init,,0.943899,440.0,440.0,0.19
voles,10,1,Fugal,,0.935484,476.0,460.0,36.18
voles,10,1,Fugal_init,0.05,0.941094,476.0,460.0,35.71
voles,10,1,Fugal_init,0.1,0.929874,460.0,460.0,36.46
voles,10,1,Fugal_init,0.25,0.928471,460.0,460.0,36.88
voles,10,1,Fugal_init,0.5,0.922861,476.0,460.0,36.75
voles,10,1,Fugal_init,1,0.921459,492.0,460.0,37.04
voles,10,1,Fugal_init,1.5,0.918654,500.0,460.0,36.98
voles,10,1,Fugal_init,2,0.913043,516.0,460.0,36.8
voles,10,1,Fugal_init,2.5,0.901823,564.0,460.0,37.04
voles,10,1,Fugal_init,3,0.897616,580.0,460.0,37.37
voles,10,1,QAP,,0.050491,4424.0,460.0,1.44
voles,10,1,QAP_init,,0.941094,460.0,460.0,0.17
voles,10,2,Fugal,,0.927069,400.0,364.0,36.4
voles,10,2,Fugal_init,0.05,0.931276,396.0,364.0,36.39
voles,10,2,Fugal_init,0.1,0.934081,384.0,364.0,36.77
voles,10,2,Fugal_init,0.25,0.936886,376.0,364.0,37.14
voles,10,2,Fugal_init,0.5,0.936886,380.0,364.0,37.12
voles,10,2,Fugal_init,1,0.938289,380.0,364.0,37.22
voles,10,2,Fugal_init,1.5,0.936886,384.0,364.0,37.44
voles,10,2,Fugal_init,2,0.934081,392.0,364.0,37.28
voles,10,2,Fugal_init,2.5,0.929874,416.0,364.0,37.48
voles,10,2,Fugal_init,3,0.922861,456.0,364.0,37.43
voles,10,2,QAP,,0.152875,3916.0,364.0,1.56
voles,10,2,QAP_init,,0.941094,364.0,364.0,0.21
voles,15,0,Fugal,,0.929874,730.0,678.0,36.03
voles,15,0,Fugal_init,0.05,0.87798,998.0,678.0,34.49
voles,15,0,Fugal_init,0.1,0.922861,694.0,678.0,35.7
voles,15,0,Fugal_init,0.25,0.925666,690.0,678.0,36.73
voles,15,0,Fugal_init,0.5,0.921459,714.0,678.0,36.81
voles,15,0,Fugal_init,1,0.906031,758.0,678.0,37.19
voles,15,0,Fugal_init,1.5,0.899018,782.0,678.0,37.16
voles,15,0,Fugal_init,2,0.893408,810.0,678.0,37.15
voles,15,0,Fugal_init,2.5,0.892006,834.0,678.0,37.4
voles,15,0,Fugal_init,3,0.880785,886.0,678.0,37.43
voles,15,0,QAP,,0.015428,4462.0,678.0,1.66
voles,15,0,QAP_init,,0.938289,686.0,678.0,0.24
voles,15,1,Fugal,,0.921459,718.0,698.0,36.04
voles,15,1,Fugal_init,0.05,0.816269,1286.0,698.0,34.51
voles,15,1,Fugal_init,0.1,0.88359,918.0,698.0,35.63
voles,15,1,Fugal_init,0.25,0.884993,902.0,698.0,36.78
voles,15,1,Fugal_init,0.5,0.932679,718.0,698.0,36.95
voles,15,1,Fugal_init,1,0.925666,730.0,698.0,37.07
voles,15,1,Fugal_init,1.5,0.914446,766.0,698.0,37.27
voles,15,1,Fugal_init,2,0.907433,790.0,698.0,37.32
voles,15,1,Fugal_init,2.5,0.897616,826.0,698.0,37.33
voles,15,1,Fugal_init,3,0.889201,850.0,698.0,37.65
voles,15,1,QAP,,0.02805,4366.0,698.0,1.46
voles,15,1,QAP_init,,0.941094,698.0,698.0,0.18
voles,15,2,Fugal,,0.900421,684.0,632.0,36.05
voles,15,2,Fugal_init,0.05,0.897616,824.0,632.0,35.23
voles,15,2,Fugal_init,0.1,0.921459,660.0,632.0,36.11
voles,15,2,Fugal_init,0.25,0.925666,652.0,632.0,36.78
voles,15,2,Fugal_init,0.5,0.927069,648.0,632.0,36.75
voles,15,2,Fugal_init,1,0.927069,664.0,632.0,37.24
voles,15,2,Fugal_init,1.5,0.922861,688.0,632.0,37.2
voles,15,2,Fugal_init,2,0.915849,700.0,632.0,37.39
voles,15,2,Fugal_init,2.5,0.899018,760.0,632.0,37.46
voles,15,2,Fugal_init,3,0.892006,796.0,632.0,37.4
voles,15,2,QAP,,0.056101,4360.0,632.0,1.42
voles,15,2,QAP_init,,0.927069,632.0,632.0,0.19
voles,20,0,Fugal,,0.913043,938.0,874.0,35.18
voles,20,0,Fugal_init,0.05,0.830295,1538.0,874.0,33.46
voles,20,0,Fugal_init,0.1,0.927069,906.0,874.0,34.0
voles,20,0,Fugal_init,0.25,0.900421,906.0,874.0,35.73
voles,20,0,Fugal_init,0.5,0.896213,938.0,874.0,36.34
voles,20,0,Fugal_init,1,0.880785,958.0,874.0,36.52
voles,20,0,Fugal_init,1.5,0.879383,1002.0,874.0,37.12
voles,20,0,Fugal_init,2,0.859748,1070.0,874.0,37.01
voles,20,0,Fugal_init,2.5,0.848527,1110.0,874.0,36.98
voles,20,0,Fugal_init,3,0.840112,1158.0,874.0,37.05
voles,20,0,QAP,,0.075736,4178.0,874.0,1.52
voles,20,0,QAP_init,,0.915849,894.0,874.0,0.3
voles,20,1,Fugal,,0.879383,1062.0,934.0,35.14
voles,20,1,Fugal_init,0.05,0.754558,1786.0,934.0,33.8
voles,20,1,Fugal_init,0.1,0.800842,1350.0,934.0,34.08
voles,20,1,Fugal_init,0.25,0.88359,994.0,934.0,35.87
voles,20,1,Fugal_init,0.5,0.890603,986.0,934.0,36.47
voles,20,1,Fugal_init,1,0.884993,1010.0,934.0,36.72
voles,20,1,Fugal_init,1.5,0.882188,1022.0,934.0,36.97
voles,20,1,Fugal_init,2,0.873773,1058.0,934.0,36.86
voles,20,1,Fugal_init,2.5,0.856942,1118.0,934.0,36.88
voles,20,1,Fugal_init,3,0.847125,1154.0,934.0,36.78
voles,20,1,QAP,,0.01122,4438.0,934.0,1.44
voles,20,1,QAP_init,,0.907433,934.0,934.0,0.27
voles,20,2,Fugal,,0.887798,938.0,854.0,35.75
voles,20,2,Fugal_init,0.05,0.795231,1466.0,854.0,33.86
voles,20,2,Fugal_init,0.1,0.870968,998.0,854.0,34.64
voles,20,2,Fugal_init,0.25,0.896213,886.0,854.0,36.5
voles,20,2,Fugal_init,0.5,0.893408,918.0,854.0,36.66
voles,20,2,Fugal_init,1,0.894811,934.0,854.0,36.79
voles,20,2,Fugal_init,1.5,0.875175,1018.0,854.0,36.69
voles,20,2,Fugal_init,2,0.868163,1030.0,854.0,37.05
voles,20,2,Fugal_init,2.5,0.859748,1058.0,854.0,37.21
voles,20,2,Fugal_init,3,0.848527,1094.0,854.0,37.32
voles,20,2,QAP,,0.029453,4394.0,854.0,1.75
voles,20,2,QAP_init,,0.901823,866.0,854.0,0.33
